,display_phone,distance,id,is_closed,name,phone,price,rating,review_count,transactions,url,address1,city,zip_code,country,state,display_address,latitude,longitude
0,(323) 935-4060,3444.8782500624866,y2bRinkMwI8d7Aee-0xBbA,False,Mid City Inn Motel,+13239354060,$,4.5,9,[],https://www.yelp.com/biz/mid-city-inn-motel-los-angeles?adjust_creative=XBvubDCvOAxemcvYBbSmog&utm_campaign=yelp_api_v3&utm_medium=api_v3_business_search&utm_source=XBvubDCvOAxemcvYBbSmog,5000 W Washington Blvd,Los Angeles,90016,US,CA,"['5000 W Washington Blvd', 'Los Angeles, CA 90016']",34.0402755737305,-118.348793029785
2,(323) 856-1970,4794.382601825274,6qLp5ZDaVm9L1UDjULVAKA,False,The Hollywood Roosevelt,+13238561970,$$$,3.5,904,[],https://www.yelp.com/biz/the-hollywood-roosevelt-los-angeles-2?adjust_creative=XBvubDCvOAxemcvYBbSmog&utm_campaign=yelp_api_v3&utm_medium=api_v3_business_search&utm_source=XBvubDCvOAxemcvYBbSmog,7000 Hollywood Blvd,Los Angeles,90028,US,CA,"['7000 Hollywood Blvd', 'Los Angeles, CA 90028']",34.1012699,-118.3417471
3,(213) 617-2000,7591.826476198636,4wP_NsfWQMzJBSa7PnB-GQ,False,Miyako Hotel,+12136172000,$$,3.5,254,[],https://www.yelp.com/biz/miyako-hotel-los-angeles?adjust_creative=XBvubDCvOAxemcvYBbSmog&utm_campaign=yelp_api_v3&utm_medium=api_v3_business_search&utm_source=XBvubDCvOAxemcvYBbSmog,328 E 1st St,Los Angeles,90012,US,CA,"['328 E 1st St', 'Los Angeles, CA 90012']",34.0496482849121,-118.240287780762
4,(310) 479-1823,11852.944959074111,FSlwl4V4tyfbnKlUoaYsLw,False,West End Hotel,+13104791823,$,5.0,2,[],https://www.yelp.com/biz/west-end-hotel-los-angeles?adjust_creative=XBvubDCvOAxemcvYBbSmog&utm_campaign=yelp_api_v3&utm_medium=api_v3_business_search&utm_source=XBvubDCvOAxemcvYBbSmog,1538 Sawtelle Blvd,Los Angeles,90025,US,CA,"['1538 Sawtelle Blvd', 'Los Angeles, CA 90025']",34.0475120544434,-118.44889831543
5,(310) 275-4445,5793.731675722562,InkIOzfX7Fvna7975w4M5g,False,The Carlyle Inn,+13102754445,$$,3.5,54,[],https://www.yelp.com/biz/the-carlyle-inn-los-angeles?adjust_creative=XBvubDCvOAxemcvYBbSmog&utm_campaign=yelp_api_v3&utm_medium=api_v3_business_search&utm_source=XBvubDCvOAxemcvYBbSmog,1119 S Robertson Blvd,Los Angeles,90035,US,CA,"['1119 S Robertson Blvd', 'Los Angeles, CA 90035']",34.056544,-118.383978
6,(424) 702-1234,14542.471629262502,LOhz8WHkGdGFNk-T1FsYww,False,Hyatt Regency Los Angeles International Airport,+14247021234,$$,3.5,47,[],https://www.yelp.com/biz/hyatt-regency-los-angeles-international-airport-los-angeles-2?adjust_creative=XBvubDCvOAxemcvYBbSmog&utm_campaign=yelp_api_v3&utm_medium=api_v3_business_search&utm_source=XBvubDCvOAxemcvYBbSmog,6225 W Century Blvd,Los Angeles,90045,US,CA,"['6225 W Century Blvd', 'Los Angeles, CA 90045']",33.94625,-118.39509
7,(213) 947-3815,6568.509202349117,FbPyh8f_ox7nw37dLzVlYA,False,Tuck Hotel,+12139473815,$$,4.0,19,[],https://www.yelp.com/biz/tuck-hotel-los-angeles-2?adjust_creative=XBvubDCvOAxemcvYBbSmog&utm_campaign=yelp_api_v3&utm_medium=api_v3_business_search&utm_source=XBvubDCvOAxemcvYBbSmog,820 S Spring St,Los Angeles,90014,US,CA,"['820 S Spring St', 'Los Angeles, CA 90014']",34.0424957275391,-118.253913879395
8,(213) 488-3500,6001.684934740925,tT2OepXYkeFih_oGfScgGQ,False,Sheraton Grand Los Angeles,+12134883500,$$,3.0,408,[],https://www.yelp.com/biz/sheraton-grand-los-angeles-los-angeles?adjust_creative=XBvubDCvOAxemcvYBbSmog&utm_campaign=yelp_api_v3&utm_medium=api_v3_business_search&utm_source=XBvubDCvOAxemcvYBbSmog,711 South Hope St,Los Angeles,90017,US,CA,"['711 South Hope St', 'Los Angeles, CA 90017']",34.04763,-118.25889
9,(213) 443-9222,5405.27834199915,7KitXLqfHXuSqcXdkUstFA,False,Courtyard by Marriott Los Angeles L.A. LIVE,+12134439222,$$,3.5,78,[],https://www.yelp.com/biz/courtyard-by-marriott-los-angeles-l-a-live-los-angeles?adjust_creative=XBvubDCvOAxemcvYBbSmog&utm_campaign=yelp_api_v3&utm_medium=api_v3_business_search&utm_source=XBvubDCvOAxemcvYBbSmog,901 W Olympic Blvd,Los Angeles,90015,US,CA,"['901 W Olympic Blvd', 'Los Angeles, CA 90015']",34.04599780845,-118.265808046627
10,(213) 688-7777,5756.216425756477,1PSkXp8N6-cczfIBijTgNA,False,InterContinental Los Angeles Downtown,+12136887777,$$$,3.5,239,[],https://www.yelp.com/biz/intercontinental-los-angeles-downtown-los-angeles-5?adjust_creative=XBvubDCvOAxemcvYBbSmog&utm_campaign=yelp_api_v3&utm_medium=api_v3_business_search&utm_source=XBvubDCvOAxemcvYBbSmog,900 Wilshire Blvd,Los Angeles,90017,US,CA,"['900 Wilshire Blvd', 'Los Angeles, CA 90017']",34.04983,-118.25977
11,(323) 852-6000,4115.501814033699,3EJAnk6bvNFevchAfr6VFw,False,Kimpton Hotel Wilshire,+13238526000,$$$,3.5,158,[],https://www.yelp.com/biz/kimpton-hotel-wilshire-los-angeles?adjust_creative=XBvubDCvOAxemcvYBbSmog&utm_campaign=yelp_api_v3&utm_medium=api_v3_business_search&utm_source=XBvubDCvOAxemcvYBbSmog,6317 Wilshire Blvd,Los Angeles,90048,US,CA,"['6317 Wilshire Blvd', 'Los Angeles, CA 90048']",34.06389,-118.36596
12,(310) 649-1400,14374.230766752216,r-IBuTKjGioSBpP4KYf8sA,False,Courtyard by Marriott Los Angeles LAX/Century Boulevard,+13106491400,$$,3.5,126,[],https://www.yelp.com/biz/courtyard-by-marriott-los-angeles-lax-century-boulevard-los-angeles?adjust_creative=XBvubDCvOAxemcvYBbSmog&utm_campaign=yelp_api_v3&utm_medium=api_v3_business_search&utm_source=XBvubDCvOAxemcvYBbSmog,6161 W Century Boulevard,Los Angeles,90045,US,CA,"['6161 W Century Boulevard', 'Los Angeles, CA 90045']",33.94671,-118.39341
13,(323) 856-1200,4900.703483763881,Ehb0HOOKJKJ43oPkzqYCzg,False,Loews Hollywood Hotel,+13238561200,$$$,3.5,410,[],https://www.yelp.com/biz/loews-hollywood-hotel-los-angeles?adjust_creative=XBvubDCvOAxemcvYBbSmog&utm_campaign=yelp_api_v3&utm_medium=api_v3_business_search&utm_source=XBvubDCvOAxemcvYBbSmog,1755 N Highland Ave,Los Angeles,90028,US,CA,"['1755 N Highland Ave', 'Los Angeles, CA 90028']",34.1027794,-118.3394699
14,(800) 515-1333,2531.788472872195,7L6NRFv2rPWyE_BNu4-W2A,False,Hollywood Historic Hotel,+18005151333,$$,3.5,205,[],https://www.yelp.com/biz/hollywood-historic-hotel-los-angeles?adjust_creative=XBvubDCvOAxemcvYBbSmog&utm_campaign=yelp_api_v3&utm_medium=api_v3_business_search&utm_source=XBvubDCvOAxemcvYBbSmog,5162 Melrose Ave,Los Angeles,90038,US,CA,"['5162 Melrose Ave', 'Los Angeles, CA 90038']",34.0833119,-118.3131426
15,(310) 208-8765,11021.969090712284,9ta6U2F5ma2UauHBS-i1dg,False,W Los Angeles - West Beverly Hills,+13102088765,$$$,3.5,545,[],https://www.yelp.com/biz/w-los-angeles-west-beverly-hills-los-angeles?adjust_creative=XBvubDCvOAxemcvYBbSmog&utm_campaign=yelp_api_v3&utm_medium=api_v3_business_search&utm_source=XBvubDCvOAxemcvYBbSmog,930 Hilgard Ave,Los Angeles,90024,US,CA,"['930 Hilgard Ave', 'Los Angeles, CA 90024']",34.06324204753,-118.44101599607
16,(310) 277-2800,7140.042842056224,T6XCD1_eLEk3LaSp8C7E1g,False,Mr. C,+13102772800,$$$,4.0,168,[],https://www.yelp.com/biz/mr-c-los-angeles-2?adjust_creative=XBvubDCvOAxemcvYBbSmog&utm_campaign=yelp_api_v3&utm_medium=api_v3_business_search&utm_source=XBvubDCvOAxemcvYBbSmog,1224 Beverwil Dr,Los Angeles,90035,US,CA,"['1224 Beverwil Dr', 'Los Angeles, CA 90035']",34.05540594416,-118.3985275
17,(323) 656-1010,5948.588922572366,Z5zIvT1uYC5PpA5d3q1ZSg,False,Chateau Marmont,+13236561010,$$$,3.5,694,[],https://www.yelp.com/biz/chateau-marmont-los-angeles-2?adjust_creative=XBvubDCvOAxemcvYBbSmog&utm_campaign=yelp_api_v3&utm_medium=api_v3_business_search&utm_source=XBvubDCvOAxemcvYBbSmog,8221 W Sunset Blvd,Los Angeles,90046,US,CA,"['8221 W Sunset Blvd', 'Los Angeles, CA 90046']",34.09827,-118.3677
18,(310) 278-5444,5414.572709223623,VJou5-oG2fnWDJrvG6wGzg,False,Sofitel Los Angeles,+13102785444,$$$,3.5,406,[],https://www.yelp.com/biz/sofitel-los-angeles-los-angeles?adjust_creative=XBvubDCvOAxemcvYBbSmog&utm_campaign=yelp_api_v3&utm_medium=api_v3_business_search&utm_source=XBvubDCvOAxemcvYBbSmog,8555 Beverly Blvd,Los Angeles,90048,US,CA,"['8555 Beverly Blvd', 'Los Angeles, CA 90048']",34.0762031,-118.3779835
19,(323) 845-1600,7849.399160256858,Y-W3qDgoH-aqjPiLmllonw,False,Tilt Hotel Universal/Hollywood,+13238451600,$$,3.0,101,[],https://www.yelp.com/biz/tilt-hotel-universal-hollywood-los-angeles-2?adjust_creative=XBvubDCvOAxemcvYBbSmog&utm_campaign=yelp_api_v3&utm_medium=api_v3_business_search&utm_source=XBvubDCvOAxemcvYBbSmog,3241 Cahuenga Blvd W,Los Angeles,90068,US,CA,"['3241 Cahuenga Blvd W', 'Los Angeles, CA 90068']",34.129071,-118.346404
20,(213) 624-1000,6108.004313379851,kfaj8WG-vsnj_8kwtpwBaA,False,"The Westin Bonaventure Hotel & Suites, Los Angeles",+12136241000,$$$,3.5,1096,[],https://www.yelp.com/biz/the-westin-bonaventure-hotel-and-suites-los-angeles-los-angeles?adjust_creative=XBvubDCvOAxemcvYBbSmog&utm_campaign=yelp_api_v3&utm_medium=api_v3_business_search&utm_source=XBvubDCvOAxemcvYBbSmog,404 S Figueroa St,Los Angeles,90071,US,CA,"['404 S Figueroa St', 'Los Angeles, CA 90071']",34.0528527584702,-118.255921580179
21,(213) 545-4695,8049.185708475941,drvon2Eg21Y_A49JFKPwmA,False,American Hotel,+12135454695,$$,3.5,10,[],https://www.yelp.com/biz/american-hotel-los-angeles?adjust_creative=XBvubDCvOAxemcvYBbSmog&utm_campaign=yelp_api_v3&utm_medium=api_v3_business_search&utm_source=XBvubDCvOAxemcvYBbSmog,303 S Hewitt St,Los Angeles,90013,US,CA,"['303 S Hewitt St', 'Los Angeles, CA 90013']",34.0452156066895,-118.236312866211
22,(323) 256-7711,12480.952390363856,yurH52fUoE12gfVGaJkWag,False,Best Western Plus Glendale,+13232567711,$$,3.5,124,[],https://www.yelp.com/biz/best-western-plus-glendale-los-angeles?adjust_creative=XBvubDCvOAxemcvYBbSmog&utm_campaign=yelp_api_v3&utm_medium=api_v3_business_search&utm_source=XBvubDCvOAxemcvYBbSmog,2911 Colorado Blvd,Los Angeles,90041,US,CA,"['2911 Colorado Blvd', 'Los Angeles, CA 90041']",34.14309,-118.22847
23,(310) 553-6561,6851.043317627002,6OHbLXJavA13d22z4XJZdQ,False,Beverly Hills Marriott,+13105536561,$$$,3.5,89,[],https://www.yelp.com/biz/beverly-hills-marriott-los-angeles?adjust_creative=XBvubDCvOAxemcvYBbSmog&utm_campaign=yelp_api_v3&utm_medium=api_v3_business_search&utm_source=XBvubDCvOAxemcvYBbSmog,1150 S Beverly Dr,Los Angeles,90035,US,CA,"['1150 S Beverly Dr', 'Los Angeles, CA 90035']",34.0565660866029,-118.395503461361
24,(877) 724-1973,5578.551149518222,-PFj_K_yS_IbPKsORGILZw,False,Hotel Figueroa,+18777241973,$$,3.5,563,[],https://www.yelp.com/biz/hotel-figueroa-los-angeles-2?adjust_creative=XBvubDCvOAxemcvYBbSmog&utm_campaign=yelp_api_v3&utm_medium=api_v3_business_search&utm_source=XBvubDCvOAxemcvYBbSmog,939 S Figueroa St,Los Angeles,90015,US,CA,"['939 S Figueroa St', 'Los Angeles, CA 90015']",34.045529,-118.2640141
25,(310) 477-9066,10743.914867466381,BAgC3n-gmeRwMS8V60n_aA,False,Best Western Royal Palace Inn & Suites,+13104779066,$$,3.5,55,[],https://www.yelp.com/biz/best-western-royal-palace-inn-and-suites-los-angeles?adjust_creative=XBvubDCvOAxemcvYBbSmog&utm_campaign=yelp_api_v3&utm_medium=api_v3_business_search&utm_source=XBvubDCvOAxemcvYBbSmog,2528 S Sepulveda Blvd,Los Angeles,90064,US,CA,"['2528 S Sepulveda Blvd', 'Los Angeles, CA 90064']",34.03437,-118.43314
26,(310) 645-7700,12809.837395609387,Exg_3dHZUJwPaLctg_GXyA,False,Holiday Inn Express Los Angeles - Lax Airport,+13106457700,$$,3.0,120,[],https://www.yelp.com/biz/holiday-inn-express-los-angeles-lax-airport-los-angeles-2?adjust_creative=XBvubDCvOAxemcvYBbSmog&utm_campaign=yelp_api_v3&utm_medium=api_v3_business_search&utm_source=XBvubDCvOAxemcvYBbSmog,8620 Airport Blvd,Los Angeles,90045,US,CA,"['8620 Airport Blvd', 'Los Angeles, CA 90045']",33.95905,-118.38491
27,(310) 657-1333,6193.778453890417,ou9ZvSNg94hC755l-WSx_A,False,Sunset Marquis,+13106571333,$$$,4.5,197,[],https://www.yelp.com/biz/sunset-marquis-west-hollywood-6?adjust_creative=XBvubDCvOAxemcvYBbSmog&utm_campaign=yelp_api_v3&utm_medium=api_v3_business_search&utm_source=XBvubDCvOAxemcvYBbSmog,1200 Alta Loma Rd,West Hollywood,90069,US,CA,"['1200 Alta Loma Rd', 'West Hollywood, CA 90069']",34.0921530217661,-118.377602879797
28,(310) 208-3945,11085.466136111918,Ld6FyAaIMV8d-2HqRF9twA,False,Hilgard House Hotel,+13102083945,$$,3.0,51,[],https://www.yelp.com/biz/hilgard-house-hotel-los-angeles?adjust_creative=XBvubDCvOAxemcvYBbSmog&utm_campaign=yelp_api_v3&utm_medium=api_v3_business_search&utm_source=XBvubDCvOAxemcvYBbSmog,927 Hilgard Ave,Los Angeles,90024,US,CA,"['927 Hilgard Ave', 'Los Angeles, CA 90024']",34.06319,-118.44173
29,(323) 656-1234,6073.236713597733,86el4jOfhZOhCEO_CRZ-QA,False,Andaz West Hollywood-a concept by Hyatt,+13236561234,$$$,4.0,427,[],https://www.yelp.com/biz/andaz-west-hollywood-a-concept-by-hyatt-west-hollywood?adjust_creative=XBvubDCvOAxemcvYBbSmog&utm_campaign=yelp_api_v3&utm_medium=api_v3_business_search&utm_source=XBvubDCvOAxemcvYBbSmog,8401 Sunset Blvd,West Hollywood,90069,US,CA,"['8401 Sunset Blvd', 'West Hollywood, CA 90069']",34.0953731461763,-118.373194728836
30,(323) 785-6666,4331.672136209942,sRY__do6TgV_-I2D1WmeLw,False,Mama Shelter,+13237856666,$$,3.5,369,[],https://www.yelp.com/biz/mama-shelter-los-angeles?adjust_creative=XBvubDCvOAxemcvYBbSmog&utm_campaign=yelp_api_v3&utm_medium=api_v3_business_search&utm_source=XBvubDCvOAxemcvYBbSmog,6500 Selma Ave,Los Angeles,90028,US,CA,"['6500 Selma Ave', 'Los Angeles, CA 90028']",34.09961,-118.33135
31,(310) 860-7800,7175.150005736943,IIi3gWDTsJJOUZFK8kzzqw,False,Montage Beverly Hills,+13108607800,$$$$,4.5,374,[],https://www.yelp.com/biz/montage-beverly-hills-beverly-hills?adjust_creative=XBvubDCvOAxemcvYBbSmog&utm_campaign=yelp_api_v3&utm_medium=api_v3_business_search&utm_source=XBvubDCvOAxemcvYBbSmog,225 N. Canon Dr.,Beverly Hills,90212,US,CA,"['225 N. Canon Dr.', 'Beverly Hills, CA 90212']",34.067787987164,-118.398914305419
32,(213) 389-6711,2205.1994927445517,F2jrSR_4t4_Qy0CdOMXezw,False,East West Hotel,+12133896711,$$,3.5,55,[],https://www.yelp.com/biz/east-west-hotel-los-angeles?adjust_creative=XBvubDCvOAxemcvYBbSmog&utm_campaign=yelp_api_v3&utm_medium=api_v3_business_search&utm_source=XBvubDCvOAxemcvYBbSmog,3206 W 8th St,Los Angeles,90005,US,CA,"['3206 W 8th St', 'Los Angeles, CA 90005']",34.05755,-118.29794
33,(213) 617-3077,7609.115233052147,Z-YfxL8_ECPm-E-OLbGmRQ,False,Best Western Plus Dragon Gate Inn,+12136173077,$$,3.5,108,[],https://www.yelp.com/biz/best-western-plus-dragon-gate-inn-los-angeles?adjust_creative=XBvubDCvOAxemcvYBbSmog&utm_campaign=yelp_api_v3&utm_medium=api_v3_business_search&utm_source=XBvubDCvOAxemcvYBbSmog,818 N Hill St,Los Angeles,90012,US,CA,"['818 N Hill St', 'Los Angeles, CA 90012']",34.0631637573242,-118.238899230957
34,(213) 483-6363,4349.979976832044,KbWwNBg7PQ4xNhyOf_F_9Q,False,Holiday Inn Express & Suites Los Angeles Downtown West,+12134836363,$$,3.0,64,[],https://www.yelp.com/biz/holiday-inn-express-and-suites-los-angeles-downtown-west-los-angeles?adjust_creative=XBvubDCvOAxemcvYBbSmog&utm_campaign=yelp_api_v3&utm_medium=api_v3_business_search&utm_source=XBvubDCvOAxemcvYBbSmog,611 S Westlake Ave,Los Angeles,90057,US,CA,"['611 S Westlake Ave', 'Los Angeles, CA 90057']",34.0586967468262,-118.274223327637
35,(213) 385-4444,2589.2420063148797,PzcRE1lQglKSSxdJzVG-JQ,False,Best Western Plus LA Mid-Town Hotel,+12133854444,$$,3.5,19,[],https://www.yelp.com/biz/best-western-plus-la-mid-town-hotel-los-angeles?adjust_creative=XBvubDCvOAxemcvYBbSmog&utm_campaign=yelp_api_v3&utm_medium=api_v3_business_search&utm_source=XBvubDCvOAxemcvYBbSmog,603 S New Hampshire Ave,Los Angeles,90005,US,CA,"['603 S New Hampshire Ave', 'Los Angeles, CA 90005']",34.06333,-118.29326
36,,5117.967709955428,lbzs6QoG5g9ZEu6wk2yAag,False,The Bates Motel By Vincent Lamouroux,,$,4.0,5,[],https://www.yelp.com/biz/the-bates-motel-by-vincent-lamouroux-los-angeles?adjust_creative=XBvubDCvOAxemcvYBbSmog&utm_campaign=yelp_api_v3&utm_medium=api_v3_business_search&utm_source=XBvubDCvOAxemcvYBbSmog,4301 Sunset Blvd,Los Angeles,90029,US,CA,"['4301 Sunset Blvd', 'Los Angeles, CA 90029']",34.0948590348098,-118.28298009932
37,(213) 624-1011,6348.907092753412,oSqNlNpKImKF69GJ67-rCg,False,Millennium Biltmore Los Angeles,+12136241011,$$$,3.0,876,[],https://www.yelp.com/biz/millennium-biltmore-los-angeles-los-angeles?adjust_creative=XBvubDCvOAxemcvYBbSmog&utm_campaign=yelp_api_v3&utm_medium=api_v3_business_search&utm_source=XBvubDCvOAxemcvYBbSmog,506 S Grand Ave,Los Angeles,90071,US,CA,"['506 S Grand Ave', 'Los Angeles, CA 90071']",34.04973,-118.25389
38,(818) 821-8031,13331.422716324494,mVNMBJPE1WrvsMdz8kxumQ,False,Holiday Inn Express North Hollywood - Burbank Area,+18188218031,$$,4.0,65,[],https://www.yelp.com/biz/holiday-inn-express-north-hollywood-burbank-area-north-hollywood-2?adjust_creative=XBvubDCvOAxemcvYBbSmog&utm_campaign=yelp_api_v3&utm_medium=api_v3_business_search&utm_source=XBvubDCvOAxemcvYBbSmog,11350 Burbank Blvd,North Hollywood,91601,US,CA,"['11350 Burbank Blvd', 'North Hollywood, CA 91601']",34.1719094,-118.3780834
39,(310) 337-2800,13838.469723988992,94BZuPwetK-cnBbfDEGrmg,False,Renaissance Los Angeles Airport Hotel,+13103372800,$$,3.5,320,[],https://www.yelp.com/biz/renaissance-los-angeles-airport-hotel-los-angeles?adjust_creative=XBvubDCvOAxemcvYBbSmog&utm_campaign=yelp_api_v3&utm_medium=api_v3_business_search&utm_source=XBvubDCvOAxemcvYBbSmog,9620 Airport Blvd,Los Angeles,90045,US,CA,"['9620 Airport Blvd', 'Los Angeles, CA 90045']",33.9489441072526,-118.385205119848
40,(310) 794-0151,11124.864508582086,Aso8rpkOmJaawQBbn4vHnw,False,UCLA Tiverton House,+13107940151,$$,4.0,37,[],https://www.yelp.com/biz/ucla-tiverton-house-los-angeles?adjust_creative=XBvubDCvOAxemcvYBbSmog&utm_campaign=yelp_api_v3&utm_medium=api_v3_business_search&utm_source=XBvubDCvOAxemcvYBbSmog,900 Tiverton Ave,Los Angeles,90095,US,CA,"['900 Tiverton Ave', 'Los Angeles, CA 90095']",34.0630499,-118.44223
41,(310) 558-9400,7914.247436089695,ClCj8KNrs5t8nhu28SFJQQ,False,The Culver Hotel,+13105589400,$$,3.5,476,[],https://www.yelp.com/biz/the-culver-hotel-culver-city?adjust_creative=XBvubDCvOAxemcvYBbSmog&utm_campaign=yelp_api_v3&utm_medium=api_v3_business_search&utm_source=XBvubDCvOAxemcvYBbSmog,9400 Culver Blvd,Culver City,90232,US,CA,"['9400 Culver Blvd', 'Culver City, CA 90232']",34.02381,-118.39417
42,(310) 476-6571,13617.468887142633,jTRBtDizP-_hvoS3UmIVTA,False,Luxe Sunset Boulevard Hotel,+13104766571,$$$,3.0,218,[],https://www.yelp.com/biz/luxe-sunset-boulevard-hotel-los-angeles-2?adjust_creative=XBvubDCvOAxemcvYBbSmog&utm_campaign=yelp_api_v3&utm_medium=api_v3_business_search&utm_source=XBvubDCvOAxemcvYBbSmog,11461 Sunset Blvd,Los Angeles,90049,US,CA,"['11461 Sunset Blvd', 'Los Angeles, CA 90049']",34.07294,-118.46915
43,(213) 748-4141,5994.078182182401,xrPKJSl9iql-BfDx7mJE6w,False,Radisson Hotel Los Angeles Midtown at USC,+12137484141,$$,3.0,168,[],https://www.yelp.com/biz/radisson-hotel-los-angeles-midtown-at-usc-los-angeles?adjust_creative=XBvubDCvOAxemcvYBbSmog&utm_campaign=yelp_api_v3&utm_medium=api_v3_business_search&utm_source=XBvubDCvOAxemcvYBbSmog,3540 S Figueroa St,Los Angeles,90007,US,CA,"['3540 S Figueroa St', 'Los Angeles, CA 90007']",34.019271199456,-118.281083399354
44,(323) 658-6600,4910.607990716422,sVeV8NWqwTQPRRMSHJzCjw,False,The Orlando Hotel,+13236586600,$$$,3.5,146,[],https://www.yelp.com/biz/the-orlando-hotel-los-angeles?adjust_creative=XBvubDCvOAxemcvYBbSmog&utm_campaign=yelp_api_v3&utm_medium=api_v3_business_search&utm_source=XBvubDCvOAxemcvYBbSmog,8384 W 3rd St,Los Angeles,90048,US,CA,"['8384 W 3rd St', 'Los Angeles, CA 90048']",34.0728326,-118.3728893
45,(310) 642-1111,14291.16256300364,bq9JlfWGuF5JfKAOP8OibQ,False,Sheraton Gateway Los Angeles Hotel,+13106421111,$$,3.0,575,[],https://www.yelp.com/biz/sheraton-gateway-los-angeles-hotel-los-angeles-2?adjust_creative=XBvubDCvOAxemcvYBbSmog&utm_campaign=yelp_api_v3&utm_medium=api_v3_business_search&utm_source=XBvubDCvOAxemcvYBbSmog,6101 West Century Blvd,Los Angeles,90045,US,CA,"['6101 West Century Blvd', 'Los Angeles, CA 90045']",33.94653,-118.39078
47,(213) 623-9904,5812.684661697665,NjGkRYbc6baHhLvSuJeYhg,False,O Hotel & Spa,+12136239904,$$,3.0,241,[],https://www.yelp.com/biz/o-hotel-and-spa-los-angeles?adjust_creative=XBvubDCvOAxemcvYBbSmog&utm_campaign=yelp_api_v3&utm_medium=api_v3_business_search&utm_source=XBvubDCvOAxemcvYBbSmog,819 S Flower St,Los Angeles,90017,US,CA,"['819 S Flower St', 'Los Angeles, CA 90017']",34.046979,-118.2608
48,(213) 413-8100,4691.563937991124,56_qGIIktWIXw73vYzVMog,False,Stuart Hotel,+12134138100,$,1.5,53,[],https://www.yelp.com/biz/stuart-hotel-los-angeles-2?adjust_creative=XBvubDCvOAxemcvYBbSmog&utm_campaign=yelp_api_v3&utm_medium=api_v3_business_search&utm_source=XBvubDCvOAxemcvYBbSmog,718 S Union Ave,Los Angeles,90017,US,CA,"['718 S Union Ave', 'Los Angeles, CA 90017']",34.0531560978491,-118.271480798721
49,(323) 294-0083,5953.244161135647,weqYtE-PTIm6MBltTztRcQ,False,Snooty Fox Motor Inn,+13232940083,$,3.0,26,[],https://www.yelp.com/biz/snooty-fox-motor-inn-los-angeles-2?adjust_creative=XBvubDCvOAxemcvYBbSmog&utm_campaign=yelp_api_v3&utm_medium=api_v3_business_search&utm_source=XBvubDCvOAxemcvYBbSmog,4120 S Western Ave,Los Angeles,90062,US,CA,"['4120 S Western Ave', 'Los Angeles, CA 90062']",34.00908,-118.30854
99,(310) 215-3300,14434.522430338742,LPQWg33b9QYLc71HkM8c-w,False,Homewood Suites by Hilton Los Angeles Int'l Airport,+13102153300,$$,4.0,15,[],https://www.yelp.com/biz/homewood-suites-by-hilton-los-angeles-intl-airport-los-angeles-2?adjust_creative=XBvubDCvOAxemcvYBbSmog&utm_campaign=yelp_api_v3&utm_medium=api_v3_business_search&utm_source=XBvubDCvOAxemcvYBbSmog,6151 W Century Blvd,Los Angeles,90045,US,CA,"['6151 W Century Blvd', 'Los Angeles, CA 90045']",33.946028,-118.3927133
149,(323) 939-3772,2435.886527448097,u0EaYzpI1wiCY6LO0ts5ew,False,Relax Inn Motel,+13239393772,$,3.0,18,[],https://www.yelp.com/biz/relax-inn-motel-los-angeles?adjust_creative=XBvubDCvOAxemcvYBbSmog&utm_campaign=yelp_api_v3&utm_medium=api_v3_business_search&utm_source=XBvubDCvOAxemcvYBbSmog,1269 S La Brea Ave,Los Angeles,90019,US,CA,"['1269 S La Brea Ave', 'Los Angeles, CA 90019']",34.051459,-118.344825
199,(323) 651-2441,4281.834929480384,Cz_0cFxwLTPZN4seH7uMEg,False,Beverly Laurel Motor Inn,+13236512441,$$,3.5,106,[],https://www.yelp.com/biz/beverly-laurel-motor-inn-los-angeles?adjust_creative=XBvubDCvOAxemcvYBbSmog&utm_campaign=yelp_api_v3&utm_medium=api_v3_business_search&utm_source=XBvubDCvOAxemcvYBbSmog,8018 Beverly Blvd,Los Angeles,90048,US,CA,"['8018 Beverly Blvd', 'Los Angeles, CA 90048']",34.0758018493652,-118.364440917969
249,(323) 988-9000,5273.607008676364,KBrTcSvtowheF9iokTJ_fQ,False,The Charlie Hotel,+13239889000,$$$,4.5,48,[],https://www.yelp.com/biz/the-charlie-hotel-west-hollywood?adjust_creative=XBvubDCvOAxemcvYBbSmog&utm_campaign=yelp_api_v3&utm_medium=api_v3_business_search&utm_source=XBvubDCvOAxemcvYBbSmog,819 N Sweetzer Ave,West Hollywood,90069,US,CA,"['819 N Sweetzer Ave', 'West Hollywood, CA 90069']",34.08594,-118.37057
299,(323) 876-8600,5228.830442680949,r4Cz6a1QjTj4_3gPSYZn-w,False,Hilton Garden Inn Los Angeles/ Hollywood,+13238768600,$$,3.0,142,[],https://www.yelp.com/biz/hilton-garden-inn-los-angeles-hollywood-los-angeles-2?adjust_creative=XBvubDCvOAxemcvYBbSmog&utm_campaign=yelp_api_v3&utm_medium=api_v3_business_search&utm_source=XBvubDCvOAxemcvYBbSmog,2005 N Highland Ave,Los Angeles,90068,US,CA,"['2005 N Highland Ave', 'Los Angeles, CA 90068']",34.1066235070457,-118.337723314768
349,(323) 732-0864,4867.702135920709,Z01cgEo4CC6G_mWpW6a-qQ,False,Baldwin Hills Motor Inn,+13237320864,$$,3.5,14,[],https://www.yelp.com/biz/baldwin-hills-motor-inn-los-angeles?adjust_creative=XBvubDCvOAxemcvYBbSmog&utm_campaign=yelp_api_v3&utm_medium=api_v3_business_search&utm_source=XBvubDCvOAxemcvYBbSmog,3020 S La Brea Ave,Los Angeles,90016,US,CA,"['3020 S La Brea Ave', 'Los Angeles, CA 90016']",34.02667,-118.35369
399,(323) 256-1199,12940.208787806727,ryr2rjcvq0P8OEFsfsH8FQ,False,Comfort Inn Near Old Town Pasadena in Eagle Rock,+13232561199,$$,3.0,59,[],https://www.yelp.com/biz/comfort-inn-near-old-town-pasadena-in-eagle-rock-los-angeles?adjust_creative=XBvubDCvOAxemcvYBbSmog&utm_campaign=yelp_api_v3&utm_medium=api_v3_business_search&utm_source=XBvubDCvOAxemcvYBbSmog,2300 Colorado Blvd,Los Angeles,90041,US,CA,"['2300 Colorado Blvd', 'Los Angeles, CA 90041']",34.139444,-118.216923201223
449,(213) 380-6910,2057.5898645703282,iWO0pmCz9PgV5kobMTymrA,False,Shelter Hotels,+12133806910,$$,3.0,248,[],https://www.yelp.com/biz/shelter-hotels-los-angeles-2?adjust_creative=XBvubDCvOAxemcvYBbSmog&utm_campaign=yelp_api_v3&utm_medium=api_v3_business_search&utm_source=XBvubDCvOAxemcvYBbSmog,457 S Mariposa Ave,Los Angeles,90020,US,CA,"['457 S Mariposa Ave', 'Los Angeles, CA 90020']",34.06557,-118.29956
499,(310) 275-5575,9636.79224178557,tl49vD2UQFhrbffphAxsYQ,False,Beverly Hills Plaza Hotel & Spa,+13102755575,$$$,4.0,155,[],https://www.yelp.com/biz/beverly-hills-plaza-hotel-and-spa-los-angeles-2?adjust_creative=XBvubDCvOAxemcvYBbSmog&utm_campaign=yelp_api_v3&utm_medium=api_v3_business_search&utm_source=XBvubDCvOAxemcvYBbSmog,10300 Wilshire Blvd,Los Angeles,90024,US,CA,"['10300 Wilshire Blvd', 'Los Angeles, CA 90024']",34.0674171447754,-118.425788879395
549,(323) 272-4588,4537.831282381525,BxQonSmhBIxs6h4meINABQ,False,Palihotel Melrose,+13232724588,$$,3.0,120,[],https://www.yelp.com/biz/palihotel-melrose-los-angeles?adjust_creative=XBvubDCvOAxemcvYBbSmog&utm_campaign=yelp_api_v3&utm_medium=api_v3_business_search&utm_source=XBvubDCvOAxemcvYBbSmog,7950 Melrose Ave,Los Angeles,90046,US,CA,"['7950 Melrose Ave', 'Los Angeles, CA 90046']",34.083527,-118.362923
599,(323) 936-5131,4060.5646958739485,8wIYJTo5RpsMwTB1Cd09iA,False,Wilshire Crest Hotel,+13239365131,$$,3.5,54,[],https://www.yelp.com/biz/wilshire-crest-hotel-los-angeles?adjust_creative=XBvubDCvOAxemcvYBbSmog&utm_campaign=yelp_api_v3&utm_medium=api_v3_business_search&utm_source=XBvubDCvOAxemcvYBbSmog,6301 Orange St,Los Angeles,90048,US,CA,"['6301 Orange St', 'Los Angeles, CA 90048']",34.06472,-118.36533
649,(310) 641-5700,14067.071435142354,BIUtzc94tKl8PB5KGCk9Qg,False,Los Angeles Airport Marriott,+13106415700,$$,3.0,394,[],https://www.yelp.com/biz/los-angeles-airport-marriott-los-angeles-3?adjust_creative=XBvubDCvOAxemcvYBbSmog&utm_campaign=yelp_api_v3&utm_medium=api_v3_business_search&utm_source=XBvubDCvOAxemcvYBbSmog,5855 W Century Blvd,Los Angeles,90045,US,CA,"['5855 W Century Blvd', 'Los Angeles, CA 90045']",33.9465551785599,-118.384884595871
699,(310) 215-1000,14094.087274783538,JDG7E6jSIEDe-aH__einCQ,False,Embassy Suites by Hilton LAX North,+13102151000,$$,3.5,195,[],https://www.yelp.com/biz/embassy-suites-by-hilton-lax-north-los-angeles?adjust_creative=XBvubDCvOAxemcvYBbSmog&utm_campaign=yelp_api_v3&utm_medium=api_v3_business_search&utm_source=XBvubDCvOAxemcvYBbSmog,9801 Airport Blvd,Los Angeles,90045,US,CA,"['9801 Airport Blvd', 'Los Angeles, CA 90045']",33.9469423,-118.3865856
749,(818) 524-2730,12976.201789699153,9Rn2q77hnhz4bee7MT7ndg,False,Springhill Suites by Marriott Los Angeles Burbank/Downtown,+18185242730,$$,4.0,115,[],https://www.yelp.com/biz/springhill-suites-by-marriott-los-angeles-burbank-downtown-burbank-2?adjust_creative=XBvubDCvOAxemcvYBbSmog&utm_campaign=yelp_api_v3&utm_medium=api_v3_business_search&utm_source=XBvubDCvOAxemcvYBbSmog,549 S San Fernando Blvd,Burbank,91502,US,CA,"['549 S San Fernando Blvd', 'Burbank, CA 91502']",34.1774374,-118.3043975
799,(818) 843-1121,10290.49478655001,SxlWT5NxCyUZOeJ-YtnY9Q,False,The Tangerine,+18188431121,$$,4.0,166,[],https://www.yelp.com/biz/the-tangerine-burbank?adjust_creative=XBvubDCvOAxemcvYBbSmog&utm_campaign=yelp_api_v3&utm_medium=api_v3_business_search&utm_source=XBvubDCvOAxemcvYBbSmog,3901 W Riverside Dr,Burbank,91505,US,CA,"['3901 W Riverside Dr', 'Burbank, CA 91505']",34.15246,-118.34223
849,(213) 748-1291,5607.198006564591,tUvXBv1hUh9MY0ei-LwRwQ,False,Luxe City Center Hotel,+12137481291,$$$,3.0,288,[],https://www.yelp.com/biz/luxe-city-center-hotel-los-angeles?adjust_creative=XBvubDCvOAxemcvYBbSmog&utm_campaign=yelp_api_v3&utm_medium=api_v3_business_search&utm_source=XBvubDCvOAxemcvYBbSmog,1020 S Figueroa St,Los Angeles,90015,US,CA,"['1020 S Figueroa St', 'Los Angeles, CA 90015']",34.044219,-118.264242
899,(213) 383-0000,1091.3180995999746,WItqUxXneqI4pfhTuFemkg,False,Garden Suite Hotel and Resort,+12133830000,$$,2.5,87,[],https://www.yelp.com/biz/garden-suite-hotel-and-resort-los-angeles?adjust_creative=XBvubDCvOAxemcvYBbSmog&utm_campaign=yelp_api_v3&utm_medium=api_v3_business_search&utm_source=XBvubDCvOAxemcvYBbSmog,681 S Western Ave,Los Angeles,90005,US,CA,"['681 S Western Ave', 'Los Angeles, CA 90005']",34.0603942871094,-118.309555053711
949,(323) 467-5141,4736.31342270358,gLa80qUAhvOQEgRxpXsFIw,False,Coral Sands Motel,+13234675141,$,3.5,94,[],https://www.yelp.com/biz/coral-sands-motel-los-angeles?adjust_creative=XBvubDCvOAxemcvYBbSmog&utm_campaign=yelp_api_v3&utm_medium=api_v3_business_search&utm_source=XBvubDCvOAxemcvYBbSmog,1730 N Western Ave,Los Angeles,90027,US,CA,"['1730 N Western Ave', 'Los Angeles, CA 90027']",34.10281,-118.30867
999,(310) 275-5200,7324.075086607579,RfIdImXa18wS6aivhLZ54w,False,"Beverly Wilshire Beverly Hills, A Four Seasons Hotel",+13102755200,$$$$,4.0,293,[],https://www.yelp.com/biz/beverly-wilshire-beverly-hills-a-four-seasons-hotel-beverly-hills?adjust_creative=XBvubDCvOAxemcvYBbSmog&utm_campaign=yelp_api_v3&utm_medium=api_v3_business_search&utm_source=XBvubDCvOAxemcvYBbSmog,9500 Wilshire Blvd,Beverly Hills,90212,US,CA,"['9500 Wilshire Blvd', 'Beverly Hills, CA 90212']",34.0669251,-118.4003601
1099,(818) 550-0828,12077.473809026476,66-iKhk_ZRv_elVBTsl-QQ,False,Embassy Suites By Hilton Los Angeles Glendale,+18185500828,$$,3.5,271,[],https://www.yelp.com/biz/embassy-suites-by-hilton-los-angeles-glendale-glendale?adjust_creative=XBvubDCvOAxemcvYBbSmog&utm_campaign=yelp_api_v3&utm_medium=api_v3_business_search&utm_source=XBvubDCvOAxemcvYBbSmog,800 N Central Ave,Glendale,91203,US,CA,"['800 N Central Ave', 'Glendale, CA 91203']",34.1570832114056,-118.258875764389
1149,(323) 876-8100,4175.786750045387,CDdEFf1YNb3edzHQk5inAQ,False,Villa Delle Stelle,+13238768100,$$,4.0,56,[],https://www.yelp.com/biz/villa-delle-stelle-hollywood?adjust_creative=XBvubDCvOAxemcvYBbSmog&utm_campaign=yelp_api_v3&utm_medium=api_v3_business_search&utm_source=XBvubDCvOAxemcvYBbSmog,6087 Harold Way,Hollywood,90028,US,CA,"['6087 Harold Way', 'Hollywood, CA 90028']",34.0991419043124,-118.321776836923
1199,(866) 282-4560,6671.186447079368,XlBn9cua7858vprdnwKS6A,False,The London West Hollywood,+18662824560,$$$,4.0,531,[],https://www.yelp.com/biz/the-london-west-hollywood-west-hollywood-3?adjust_creative=XBvubDCvOAxemcvYBbSmog&utm_campaign=yelp_api_v3&utm_medium=api_v3_business_search&utm_source=XBvubDCvOAxemcvYBbSmog,1020 N San Vicente Blvd,West Hollywood,90069,US,CA,"['1020 N San Vicente Blvd', 'West Hollywood, CA 90069']",34.08905,-118.38578
1249,(213) 617-1133,6084.207454070649,7hCUHqycC488JeavBCW_0Q,False,The L.A. Grand Hotel Downtown,+12136171133,$$$,3.0,257,[],https://www.yelp.com/biz/the-l-a-grand-hotel-downtown-los-angeles-2?adjust_creative=XBvubDCvOAxemcvYBbSmog&utm_campaign=yelp_api_v3&utm_medium=api_v3_business_search&utm_source=XBvubDCvOAxemcvYBbSmog,333 S Figueroa St,Los Angeles,90071,US,CA,"['333 S Figueroa St', 'Los Angeles, CA 90071']",34.0548840811745,-118.255832910496
1299,(310) 208-6677,11187.686009852576,Il4jWUU_bav_ReaZAS94fQ,False,Royal Palace Westwood,+13102086677,$$,3.5,53,[],https://www.yelp.com/biz/royal-palace-westwood-los-angeles?adjust_creative=XBvubDCvOAxemcvYBbSmog&utm_campaign=yelp_api_v3&utm_medium=api_v3_business_search&utm_source=XBvubDCvOAxemcvYBbSmog,1052 Tiverton Ave,Los Angeles,90024,US,CA,"['1052 Tiverton Ave', 'Los Angeles, CA 90024']",34.0606099,-118.44281
1349,(323) 746-0444,4453.158098782162,OltsKQConEktARsPoiib5w,False,Hollywood Hotel,+13237460444,$$,2.5,244,[],https://www.yelp.com/biz/hollywood-hotel-los-angeles-2?adjust_creative=XBvubDCvOAxemcvYBbSmog&utm_campaign=yelp_api_v3&utm_medium=api_v3_business_search&utm_source=XBvubDCvOAxemcvYBbSmog,1160 North Vermont Ave,Los Angeles,90029,US,CA,"['1160 North Vermont Ave', 'Los Angeles, CA 90029']",34.09295,-118.29116
1399,(323) 464-5181,4878.203519780641,hz5RL-6J7vHilvWRzq3mfA,False,Best Western Plus Hollywood Hills Hotel,+13234645181,$$,3.5,114,[],https://www.yelp.com/biz/best-western-plus-hollywood-hills-hotel-hollywood?adjust_creative=XBvubDCvOAxemcvYBbSmog&utm_campaign=yelp_api_v3&utm_medium=api_v3_business_search&utm_source=XBvubDCvOAxemcvYBbSmog,6141 Franklin Ave,Hollywood,90028,US,CA,"['6141 Franklin Ave', 'Hollywood, CA 90028']",34.105417,-118.3237343
1449,(310) 313-0000,9983.406288159078,oXcXLQXntoIh8WuqrY1wjQ,False,Mayumi,+13103130000,$$,4.0,16,[],https://www.yelp.com/biz/mayumi-culver-city-2?adjust_creative=XBvubDCvOAxemcvYBbSmog&utm_campaign=yelp_api_v3&utm_medium=api_v3_business_search&utm_source=XBvubDCvOAxemcvYBbSmog,5630 Sawtelle Blvd,Culver City,90230,US,CA,"['5630 Sawtelle Blvd', 'Culver City, CA 90230']",33.9949,-118.39411
1499,(818) 506-2500,9040.45942641015,oz-l9zWBlNURcPj_5UnABw,False,Hilton Los Angeles/Universal City,+18185062500,$$$,3.5,638,[],https://www.yelp.com/biz/hilton-los-angeles-universal-city-universal-city?adjust_creative=XBvubDCvOAxemcvYBbSmog&utm_campaign=yelp_api_v3&utm_medium=api_v3_business_search&utm_source=XBvubDCvOAxemcvYBbSmog,555 Universal Hollywood Dr,Universal City,91608,US,CA,"['555 Universal Hollywood Dr', 'Universal City, CA 91608']",34.1383358,-118.3572742
1549,(213) 383-4774,3971.669877968909,4djWumPQP6eeUr76kgAjyg,False,Casa Bella Inn,+12133834774,$$,3.5,23,[],https://www.yelp.com/biz/casa-bella-inn-los-angeles?adjust_creative=XBvubDCvOAxemcvYBbSmog&utm_campaign=yelp_api_v3&utm_medium=api_v3_business_search&utm_source=XBvubDCvOAxemcvYBbSmog,1212 Alvarado Rd,Los Angeles,90006,US,CA,"['1212 Alvarado Rd', 'Los Angeles, CA 90006']",34.04816,-118.28158
1599,(213) 624-0000,6261.0608160209,2yjNMMcjUucNTV42jxFAQA,False,Hilton Checkers Los Angeles,+12136240000,$$$,3.5,264,[],https://www.yelp.com/biz/hilton-checkers-los-angeles-los-angeles?adjust_creative=XBvubDCvOAxemcvYBbSmog&utm_campaign=yelp_api_v3&utm_medium=api_v3_business_search&utm_source=XBvubDCvOAxemcvYBbSmog,535 S Grand Ave,Los Angeles,90071,US,CA,"['535 S Grand Ave', 'Los Angeles, CA 90071']",34.049392,-118.2548728
1649,(818) 980-8000,10286.92176500767,VJJ21FfUU4wkKBx56FUMHA,False,The Garland,+18189808000,$$,3.5,359,[],https://www.yelp.com/biz/the-garland-north-hollywood-2?adjust_creative=XBvubDCvOAxemcvYBbSmog&utm_campaign=yelp_api_v3&utm_medium=api_v3_business_search&utm_source=XBvubDCvOAxemcvYBbSmog,4222 Vineland Ave,North Hollywood,91602,US,CA,"['4222 Vineland Ave', 'North Hollywood, CA 91602']",34.14498513734,-118.369744867092
